<?xml version="1.0" encoding="UTF-8" standalone="no"?>
<!DOCTYPE properties SYSTEM "http://java.sun.com/dtd/properties.dtd">
<properties>
        <entry key="waiting_period_sec">10</entry>
        <entry key="executions_for_avg">5</entry>
		<entry key="avg_time_threshold">10</entry>
		<entry key="ignore_small_exec_min">10</entry>
        <entry key="waiting_period_day">50</entry>
        <entry key="database_url">jdbc:postgresql://10.2.20.72:5432/igxsagacity</entry>
	<entry key="database_user">custom</entry>
	<entry key="database_password">Infogix1</entry>
	<entry key="exec_hist_tab">ds_1_null____executi_459779378</entry>
	<entry key="log_file_path">C:/Services/notificaton_log_</entry>
	<entry key="env_name">TESTING</entry>
	<entry key="apphosturl">http://10.2.20.72:8080/desktop/index.html#execution/objectId/</entry>
	<entry key="email_host">ex2010.infogix.com</entry>
	<entry key="email_from">infogix_internal_donotreply@cafe.com</entry>
	<entry key="pm_failed_email_recipients">asharma@infogix.com</entry>
        <entry key="pm_failed_email_subject">STAGE_TYPE STAGE_NAME failed</entry>
        <entry key="pm_failed_body">p_htm  STAGE_TYPE STAGE_NAME has failed during execution in ENV_NAME environment due to technical failure.pend_htm
		    p_htm Process id of the process is PROCESS_ID and Work id is WORK_ID.pend_htm
					p_htm Navigate to Execution: STAGE_URL pend_htm
			        p_htm Please take the appropriate corrective action.pend_htm
                    p_htm ***This is an auto generated mail. We request you not to reply to this message.***pend_htm </entry>
	<entry key="pm_waiting_email_recipients">asharma@infogix.com</entry>
        <entry key="pm_waiting_email_subject">STAGE_TYPE STAGE_NAME is in waiting state</entry>
        <entry key="pm_waiting_body">p_htm  STAGE_TYPE STAGE_NAME is in Waiting State for more than As configured minutes in ENV_NAME environment.pend_htm
		    p_htm Work id of the process is WORK_ID.pend_htm
                 	p_htm Navigate to Execution: STAGE_URL pend_htm
					p_htm Please take the appropriate corrective action.pend_htm
                    p_htm ***This is an auto generated mail. We request you not to reply to this message.***pend_htm </entry>
	<entry key="ftp_server">perfln6</entry>
	<entry key="ftp_user">wldfly2</entry>
        <entry key="ftp_pwd">b183a3280c03e3960429ccbb7fdcf3cb</entry>
	<entry key="log_ftp_path">/opt/log-project/notificaton_log_</entry>
	<entry key="process_failed_email_recipients">asharma@infogix.com</entry>
	<entry key="jobs_not_as_per_frequency_recipients">asharma@infogix.com</entry>
        <entry key="jobs_not_as_per_frequency_subject">STAGE_TYPE STAGE_NAME missed to execute</entry>
        <entry key="jobs_not_as_per_frequency_body">p_htm  STAGE_TYPE STAGE_NAME has missed to execute at its scheduled time EXECUTION_TIME in ENV_NAME environment.pend_htm
                    p_htm Please take the appropriate corrective action.pend_htm
                    p_htm ***This is an auto generated mail. We request you not to reply to this message.***pend_htm </entry>
	<entry key="pm_taking_more_time_email_recipients">asharma@infogix.com</entry>
        <entry key="pm_taking_more_time_email_subject">STAGE_TYPE STAGE_NAME is running late</entry>
        <entry key="pm_taking_more_time_email_body">p_htm  STAGE_TYPE STAGE_NAME has been executing for long and exceeded its average execution time of AVG_EXEC_TIME (HH:MM:SS) in ENV_NAME environment.pend_htm
		    p_htm Process id of the process is PROCESS_ID and Work id is WORK_ID.pend_htm
					p_htm Execution time in last EXECUTIONS_FOR_AVG executions of this process varied from MIN_EXEC_TIME to MAX_EXEC_TIME (HH:MM:SS) excluding outliers.pend_htm
                    p_htm Navigate to Execution: STAGE_URL pend_htm
					p_htm Please take the appropriate corrective action.pend_htm
                    p_htm ***This is an auto generated mail. We request you not to reply to this message.***pend_htm </entry>
	</properties>